key,outfit,view,faceID,width,height,offsetX,offsetY,bodySource,bodySHA256,faceSource,faceSHA256,bodyLayer,faceLayer,png,sha256,formalExport,pixelCheck,humanReview,applicationAcceptance
a/full/00,冬服正面,full,00,268,606,79,76,assets/chihaya_character/chi_a.png,5ca8ec807ecfa9914bb4c81005f2065a4e7924392ddcf8340da3b29bacfb4c98,assets/chihaya_character/chi00a.png,2f63269f5ece92aa9135633ebefc8fd3db203c7081c7a59f3208f519e180e04b,variants/a/full/layers/body.png,variants/a/full/layers/faces/face-00.png,variants/a/full/composites/standing-a-full-face-00.png,514d0535f325e167b1ee6232fe3a69c6723dbd5ce2193235eb6babe47625a6a8,exported,passed,approved,accepted-by-issue-31
a/full/01,冬服正面,full,01,268,606,79,76,assets/chihaya_character/chi_a.png,5ca8ec807ecfa9914bb4c81005f2065a4e7924392ddcf8340da3b29bacfb4c98,assets/chihaya_character/chi01a.png,66b6690dfeedd20b09e1f1d55528e1661348068b9d4bb5565c4d7d25faf762e3,variants/a/full/layers/body.png,variants/a/full/layers/faces/face-01.png,variants/a/full/composites/standing-a-full-face-01.png,f11bd62280921f44b34b9cbe00425e2a3f3d4219503529ec5ad82ac604084822,exported,passed,approved,accepted-by-issue-31
a/full/02,冬服正面,full,02,268,606,79,76,assets/chihaya_character/chi_a.png,5ca8ec807ecfa9914bb4c81005f2065a4e7924392ddcf8340da3b29bacfb4c98,assets/chihaya_character/chi02a.png,3aee68b0acd5d1571a909499a2937eec2fb8a705f3daadb81cb7fac6670c6364,variants/a/full/layers/body.png,variants/a/full/layers/faces/face-02.png,variants/a/full/composites/standing-a-full-face-02.png,56fa33e7596125d427f5b4c52570000564df69ccc9e3d4bc834967c175d3a543,exported,passed,approved,accepted-by-issue-31
a/full/03,冬服正面,full,03,268,606,79,76,assets/chihaya_character/chi_a.png,5ca8ec807ecfa9914bb4c81005f2065a4e7924392ddcf8340da3b29bacfb4c98,assets/chihaya_character/chi03a.png,e76bb08e911a6f32a53ec05c2999c16080a1f7577eb0d053c9263f0015414c95,variants/a/full/layers/body.png,variants/a/full/layers/faces/face-03.png,variants/a/full/composites/standing-a-full-face-03.png,4fa9b21cda093c9c5e55d332c93cd0b0c8c4d7a4bd654c948e76ae005c1e39e9,exported,passed,approved,accepted-by-issue-31
a/full/04,冬服正面,full,04,268,606,79,76,assets/chihaya_character/chi_a.png,5ca8ec807ecfa9914bb4c81005f2065a4e7924392ddcf8340da3b29bacfb4c98,assets/chihaya_character/chi04a.png,e5131f5cb5e977f95406b729b4e564b7e469c3d1ce8eeebeb8655257bca1907f,variants/a/full/layers/body.png,variants/a/full/layers/faces/face-04.png,variants/a/full/composites/standing-a-full-face-04.png,a4111bce1939e3bcb643cb6d7d9f22648911b92793095de9cefd8f0b8f6c571c,exported,passed,approved,accepted-by-issue-31
a/full/05,冬服正面,full,05,268,606,79,76,assets/chihaya_character/chi_a.png,5ca8ec807ecfa9914bb4c81005f2065a4e7924392ddcf8340da3b29bacfb4c98,assets/chihaya_character/chi05a.png,21004e8d02b23d5976fcb8fd6c71856ae1d12c9e4102973b2c755506be6d1ee0,variants/a/full/layers/body.png,variants/a/full/layers/faces/face-05.png,variants/a/full/composites/standing-a-full-face-05.png,7be2496164e8ae641f240a6fd08bff1cea670e581e1bb4dd9b8472409bf14619,exported,passed,approved,accepted-by-issue-31
a/full/06,冬服正面,full,06,268,606,79,76,assets/chihaya_character/chi_a.png,5ca8ec807ecfa9914bb4c81005f2065a4e7924392ddcf8340da3b29bacfb4c98,assets/chihaya_character/chi06a.png,05de4462d85d9f5c17883c2e15b272646f640627539c275c03aa272cfe97dce8,variants/a/full/layers/body.png,variants/a/full/layers/faces/face-06.png,variants/a/full/composites/standing-a-full-face-06.png,e82f12aa9fe08ea1a5e21a79dc94268b87d3d6d6e506e84c1416244fed08a17e,exported,passed,approved,accepted-by-issue-31
a/full/07,冬服正面,full,07,268,606,79,76,assets/chihaya_character/chi_a.png,5ca8ec807ecfa9914bb4c81005f2065a4e7924392ddcf8340da3b29bacfb4c98,assets/chihaya_character/chi07a.png,9ccea11a53ed521ef8654817d231dcdde204fb86493cde954aa3e9a10319b3cc,variants/a/full/layers/body.png,variants/a/full/layers/faces/face-07.png,variants/a/full/composites/standing-a-full-face-07.png,2d04a5fbab2c21ae1b17dfac3d894f93d97684c6817bd75f43cec569e86a79b6,exported,passed,approved,accepted-by-issue-31
a/full/08,冬服正面,full,08,268,606,79,76,assets/chihaya_character/chi_a.png,5ca8ec807ecfa9914bb4c81005f2065a4e7924392ddcf8340da3b29bacfb4c98,assets/chihaya_character/chi08a.png,5eb9c186076763429526a4b27606a009830f8dddd50d56b7ce1d4901df2d8811,variants/a/full/layers/body.png,variants/a/full/layers/faces/face-08.png,variants/a/full/composites/standing-a-full-face-08.png,1136171d245029db36ca63da66bcf48f65aae6784934eb48e711f9999f1df248,exported,passed,approved,accepted-by-issue-31
a/full/09,冬服正面,full,09,268,606,79,76,assets/chihaya_character/chi_a.png,5ca8ec807ecfa9914bb4c81005f2065a4e7924392ddcf8340da3b29bacfb4c98,assets/chihaya_character/chi09a.png,0d32e32d01f82aea5f1c265d5f4c6d52e3ad0565e7f410dbea3367404679bfd2,variants/a/full/layers/body.png,variants/a/full/layers/faces/face-09.png,variants/a/full/composites/standing-a-full-face-09.png,c1b3ab6ed23d3297e8dbdc9ab643aa25d321968a77b511a00472f732e600503c,exported,passed,approved,accepted-by-issue-31
a/full/10,冬服正面,full,10,268,606,79,76,assets/chihaya_character/chi_a.png,5ca8ec807ecfa9914bb4c81005f2065a4e7924392ddcf8340da3b29bacfb4c98,assets/chihaya_character/chi10a.png,29401faf71f052e14c40539d0354684aa53cdf53a117969396012be502ae88e9,variants/a/full/layers/body.png,variants/a/full/layers/faces/face-10.png,variants/a/full/composites/standing-a-full-face-10.png,013249cc438ddf8981b329faf687a17f33a42e6952814a870f0279d39402ee80,exported,passed,approved,accepted-by-issue-31
a/full/11,冬服正面,full,11,268,606,79,76,assets/chihaya_character/chi_a.png,5ca8ec807ecfa9914bb4c81005f2065a4e7924392ddcf8340da3b29bacfb4c98,assets/chihaya_character/chi11a.png,c374d86638c39053af12fb39024de8eaf8c7bcafc78c15092a0130acfba442aa,variants/a/full/layers/body.png,variants/a/full/layers/faces/face-11.png,variants/a/full/composites/standing-a-full-face-11.png,466a35c8ec4e03f4668849c19e9f08cd62056aba7f9438fff833dc6929f69021,exported,passed,approved,accepted-by-issue-31
a/close/00,冬服正面,close,00,454,670,120,149,ChihayaPet/Resources/CharacterSprites/assets/body-a-close.png,e137d1b635dbf4405f5c537ceff95d95f004f09072eb264c478dd7538b80b1ef,assets/chihaya_character/chi00a@.png,0d479d6e1eca514440c2736f91da5eeb174a43fb89385d8e59970ccb2865474c,variants/a/close/layers/body.png,variants/a/close/layers/faces/face-00.png,variants/a/close/composites/standing-a-close-face-00.png,f3d9afe20dd70cab00692a5dfb0e88706d9454adcd176c7e9be03516206522c8,exported,passed,approved,accepted-by-issue-31
a/close/01,冬服正面,close,01,454,670,120,149,ChihayaPet/Resources/CharacterSprites/assets/body-a-close.png,e137d1b635dbf4405f5c537ceff95d95f004f09072eb264c478dd7538b80b1ef,assets/chihaya_character/chi01a@.png,ed455eeada97a7ce863f3ed0d47989e9ac0a5ebab7818e75d99f524d5958d505,variants/a/close/layers/body.png,variants/a/close/layers/faces/face-01.png,variants/a/close/composites/standing-a-close-face-01.png,3c6f7e2a3e30e2a0b3c60a0a26526c371c2246628a6ad57792a8f6eae215f13f,exported,passed,approved,accepted-by-issue-31
a/close/02,冬服正面,close,02,454,670,120,149,ChihayaPet/Resources/CharacterSprites/assets/body-a-close.png,e137d1b635dbf4405f5c537ceff95d95f004f09072eb264c478dd7538b80b1ef,assets/chihaya_character/chi02a@.png,505e6dfcd9e2eb2e227802b4bcae05500019af87f451378d70749a11038c978b,variants/a/close/layers/body.png,variants/a/close/layers/faces/face-02.png,variants/a/close/composites/standing-a-close-face-02.png,37ddaf0dbe93812ac6f8f8afde11e89719401f4d1130b66e90c70a8f20767fc8,exported,passed,approved,accepted-by-issue-31
a/close/03,冬服正面,close,03,454,670,120,149,ChihayaPet/Resources/CharacterSprites/assets/body-a-close.png,e137d1b635dbf4405f5c537ceff95d95f004f09072eb264c478dd7538b80b1ef,assets/chihaya_character/chi03a@.png,56ec8deb92d91ae4b911764343b4477ea54d7f8057b04269818e60172e013035,variants/a/close/layers/body.png,variants/a/close/layers/faces/face-03.png,variants/a/close/composites/standing-a-close-face-03.png,76a83498f43c583519bf2136f44d37893a2939e0ce9ed0586fb27c9a46bdc5e9,exported,passed,approved,accepted-by-issue-31
a/close/04,冬服正面,close,04,454,670,120,149,ChihayaPet/Resources/CharacterSprites/assets/body-a-close.png,e137d1b635dbf4405f5c537ceff95d95f004f09072eb264c478dd7538b80b1ef,assets/chihaya_character/chi04a@.png,15d3990540f5615c32c570ae2fb3c4286f9bfc96dc19324dc6677bdcce94b5f6,variants/a/close/layers/body.png,variants/a/close/layers/faces/face-04.png,variants/a/close/composites/standing-a-close-face-04.png,e1baf4dab9498aa42fe30ec6b32a37ae7b8c0d1debd32370577c7dd15bba266b,exported,passed,approved,accepted-by-issue-31
a/close/05,冬服正面,close,05,454,670,120,149,ChihayaPet/Resources/CharacterSprites/assets/body-a-close.png,e137d1b635dbf4405f5c537ceff95d95f004f09072eb264c478dd7538b80b1ef,assets/chihaya_character/chi05a@.png,2f4e09a987bc68eb11b3d8d7bc13d9645e1ccb0599227b3635f66629113b23b6,variants/a/close/layers/body.png,variants/a/close/layers/faces/face-05.png,variants/a/close/composites/standing-a-close-face-05.png,30da3394a0c6e4b227100af9c1dc46c3c0ba1140000e2b1586a91ed209b98b23,exported,passed,approved,accepted-by-issue-31
a/close/06,冬服正面,close,06,454,670,120,149,ChihayaPet/Resources/CharacterSprites/assets/body-a-close.png,e137d1b635dbf4405f5c537ceff95d95f004f09072eb264c478dd7538b80b1ef,assets/chihaya_character/chi06a@.png,d2c03bce15ccbaab8232dbaff1be3420c03581bb3d5b304045316f32fae31b21,variants/a/close/layers/body.png,variants/a/close/layers/faces/face-06.png,variants/a/close/composites/standing-a-close-face-06.png,ecba40e7ad4bfc840068777bdb4619030c94b6da788fe18a512ff36367088dee,exported,passed,approved,accepted-by-issue-31
a/close/07,冬服正面,close,07,454,670,120,149,ChihayaPet/Resources/CharacterSprites/assets/body-a-close.png,e137d1b635dbf4405f5c537ceff95d95f004f09072eb264c478dd7538b80b1ef,assets/chihaya_character/chi07a@.png,fbf4a5b94ed20cd81f1f534637bc022f2be811a03d37377c63fa2e90a8b8255c,variants/a/close/layers/body.png,variants/a/close/layers/faces/face-07.png,variants/a/close/composites/standing-a-close-face-07.png,8d984e82199ed0eb9165e2ba631a3b1d9dd0b16d453eeba9e4011925a61277ef,exported,passed,approved,accepted-by-issue-31
a/close/08,冬服正面,close,08,454,670,120,149,ChihayaPet/Resources/CharacterSprites/assets/body-a-close.png,e137d1b635dbf4405f5c537ceff95d95f004f09072eb264c478dd7538b80b1ef,assets/chihaya_character/chi08a@.png,1152f3e33727b730d12476cf16edf816f4bd1240c344d2bbb943d0706f9c8fea,variants/a/close/layers/body.png,variants/a/close/layers/faces/face-08.png,variants/a/close/composites/standing-a-close-face-08.png,74e5046ad99d6132bbf8934c8d9d481df43d2d3109784fe3fb2f0d8e2b6bc285,exported,passed,approved,accepted-by-issue-31
a/close/09,冬服正面,close,09,454,670,120,149,ChihayaPet/Resources/CharacterSprites/assets/body-a-close.png,e137d1b635dbf4405f5c537ceff95d95f004f09072eb264c478dd7538b80b1ef,assets/chihaya_character/chi09a@.png,df91c2fef59f76d7f270c976094ab3f95bc6e588b9c673dbd55ae4b688415f1a,variants/a/close/layers/body.png,variants/a/close/layers/faces/face-09.png,variants/a/close/composites/standing-a-close-face-09.png,255269e2cdbe211e7bfac5019417110ceb4ed6ad22a855b84140fece8a62d976,exported,passed,approved,accepted-by-issue-31
a/close/10,冬服正面,close,10,454,670,120,149,ChihayaPet/Resources/CharacterSprites/assets/body-a-close.png,e137d1b635dbf4405f5c537ceff95d95f004f09072eb264c478dd7538b80b1ef,assets/chihaya_character/chi10a@.png,da512dccad8aeb4071bad81d8eeaf4f93f59a726e2a6f8aa7a6542413ed6db26,variants/a/close/layers/body.png,variants/a/close/layers/faces/face-10.png,variants/a/close/composites/standing-a-close-face-10.png,594c31b26d12808537800cc9d1b759e873801bf69f6739d242653f5a5ad34343,exported,passed,approved,accepted-by-issue-31
a/close/11,冬服正面,close,11,454,670,120,149,ChihayaPet/Resources/CharacterSprites/assets/body-a-close.png,e137d1b635dbf4405f5c537ceff95d95f004f09072eb264c478dd7538b80b1ef,assets/chihaya_character/chi11a@.png,49fca7c44b3fd624bdee6b591049f713e3d9dfc84537c72d8cc2e5c75238c5ac,variants/a/close/layers/body.png,variants/a/close/layers/faces/face-11.png,variants/a/close/composites/standing-a-close-face-11.png,d106e5fe53a8367cc76f3445c8a0a311243d7fa64e2ce1a6b9af78f79bdb3f55,exported,passed,approved,accepted-by-issue-31
a_/full/00,夏服正面,full,00,268,606,79,76,assets/chihaya_character/chi_a_.png,80a5afbfc5dab932a74bb8f0f13eccf7a4049996900d58548f48818ebbf536b2,assets/chihaya_character/chi00a_.png,2f63269f5ece92aa9135633ebefc8fd3db203c7081c7a59f3208f519e180e04b,variants/a_/full/layers/body.png,variants/a_/full/layers/faces/face-00.png,variants/a_/full/composites/standing-a_-full-face-00.png,afde8309d30f22fe65aa71ca645c19182d61771d591c069ad0effb85a518b688,exported,passed,approved,accepted-by-issue-31
a_/full/01,夏服正面,full,01,268,606,79,76,assets/chihaya_character/chi_a_.png,80a5afbfc5dab932a74bb8f0f13eccf7a4049996900d58548f48818ebbf536b2,assets/chihaya_character/chi01a_.png,66b6690dfeedd20b09e1f1d55528e1661348068b9d4bb5565c4d7d25faf762e3,variants/a_/full/layers/body.png,variants/a_/full/layers/faces/face-01.png,variants/a_/full/composites/standing-a_-full-face-01.png,f37c658e26b5c4715c2c8aa0a6eedec2604b05381fb446529465425d46cfa541,exported,passed,approved,accepted-by-issue-31
a_/full/02,夏服正面,full,02,268,606,79,76,assets/chihaya_character/chi_a_.png,80a5afbfc5dab932a74bb8f0f13eccf7a4049996900d58548f48818ebbf536b2,assets/chihaya_character/chi02a_.png,3aee68b0acd5d1571a909499a2937eec2fb8a705f3daadb81cb7fac6670c6364,variants/a_/full/layers/body.png,variants/a_/full/layers/faces/face-02.png,variants/a_/full/composites/standing-a_-full-face-02.png,b55fa6c445002e1ee93bdb700191424da41f7b3328ab03a2b314bece6c2090cb,exported,passed,approved,accepted-by-issue-31
a_/full/03,夏服正面,full,03,268,606,79,76,assets/chihaya_character/chi_a_.png,80a5afbfc5dab932a74bb8f0f13eccf7a4049996900d58548f48818ebbf536b2,assets/chihaya_character/chi03a_.png,e76bb08e911a6f32a53ec05c2999c16080a1f7577eb0d053c9263f0015414c95,variants/a_/full/layers/body.png,variants/a_/full/layers/faces/face-03.png,variants/a_/full/composites/standing-a_-full-face-03.png,07b6afccc7823735f3cd338e6b071aa69039460da54ab9610c971901a7e1a0d9,exported,passed,approved,accepted-by-issue-31
a_/full/04,夏服正面,full,04,268,606,79,76,assets/chihaya_character/chi_a_.png,80a5afbfc5dab932a74bb8f0f13eccf7a4049996900d58548f48818ebbf536b2,assets/chihaya_character/chi04a_.png,e5131f5cb5e977f95406b729b4e564b7e469c3d1ce8eeebeb8655257bca1907f,variants/a_/full/layers/body.png,variants/a_/full/layers/faces/face-04.png,variants/a_/full/composites/standing-a_-full-face-04.png,c004bd80cf8e7067ba6d4c5bde47d4f354213f6ed9a27b5a041f6a8ddbaad0db,exported,passed,approved,accepted-by-issue-31
a_/full/05,夏服正面,full,05,268,606,79,76,assets/chihaya_character/chi_a_.png,80a5afbfc5dab932a74bb8f0f13eccf7a4049996900d58548f48818ebbf536b2,assets/chihaya_character/chi05a_.png,21004e8d02b23d5976fcb8fd6c71856ae1d12c9e4102973b2c755506be6d1ee0,variants/a_/full/layers/body.png,variants/a_/full/layers/faces/face-05.png,variants/a_/full/composites/standing-a_-full-face-05.png,d6dffb9df05fc6048032dac33cc46954bfb339a7fdaff9a96c9b4733b565e620,exported,passed,approved,accepted-by-issue-31
a_/full/06,夏服正面,full,06,268,606,79,76,assets/chihaya_character/chi_a_.png,80a5afbfc5dab932a74bb8f0f13eccf7a4049996900d58548f48818ebbf536b2,assets/chihaya_character/chi06a_.png,05de4462d85d9f5c17883c2e15b272646f640627539c275c03aa272cfe97dce8,variants/a_/full/layers/body.png,variants/a_/full/layers/faces/face-06.png,variants/a_/full/composites/standing-a_-full-face-06.png,cba4e5292a08e6b11854b28ae5cb967b8f44723da848df774b652cfe899854d0,exported,passed,approved,accepted-by-issue-31
a_/full/07,夏服正面,full,07,268,606,79,76,assets/chihaya_character/chi_a_.png,80a5afbfc5dab932a74bb8f0f13eccf7a4049996900d58548f48818ebbf536b2,assets/chihaya_character/chi07a_.png,9ccea11a53ed521ef8654817d231dcdde204fb86493cde954aa3e9a10319b3cc,variants/a_/full/layers/body.png,variants/a_/full/layers/faces/face-07.png,variants/a_/full/composites/standing-a_-full-face-07.png,b1d94f649b8f8548fe4e9e7cd2e196d2f3cdfa1467c8bf4c060268b77bfe14c1,exported,passed,approved,accepted-by-issue-31
a_/full/08,夏服正面,full,08,268,606,79,76,assets/chihaya_character/chi_a_.png,80a5afbfc5dab932a74bb8f0f13eccf7a4049996900d58548f48818ebbf536b2,assets/chihaya_character/chi08a_.png,5eb9c186076763429526a4b27606a009830f8dddd50d56b7ce1d4901df2d8811,variants/a_/full/layers/body.png,variants/a_/full/layers/faces/face-08.png,variants/a_/full/composites/standing-a_-full-face-08.png,d5c5ae0c660c6609d2cf7e96980e04826a9815dec7882dd94d437179b23102f9,exported,passed,approved,accepted-by-issue-31
a_/full/09,夏服正面,full,09,268,606,79,76,assets/chihaya_character/chi_a_.png,80a5afbfc5dab932a74bb8f0f13eccf7a4049996900d58548f48818ebbf536b2,assets/chihaya_character/chi09a_.png,0d32e32d01f82aea5f1c265d5f4c6d52e3ad0565e7f410dbea3367404679bfd2,variants/a_/full/layers/body.png,variants/a_/full/layers/faces/face-09.png,variants/a_/full/composites/standing-a_-full-face-09.png,7e043ab6eb15b9cf6986009393ef463d2f2cd0fee51f7ecacb7ed93a3fdd937b,exported,passed,approved,accepted-by-issue-31
a_/full/10,夏服正面,full,10,268,606,79,76,assets/chihaya_character/chi_a_.png,80a5afbfc5dab932a74bb8f0f13eccf7a4049996900d58548f48818ebbf536b2,assets/chihaya_character/chi10a_.png,29401faf71f052e14c40539d0354684aa53cdf53a117969396012be502ae88e9,variants/a_/full/layers/body.png,variants/a_/full/layers/faces/face-10.png,variants/a_/full/composites/standing-a_-full-face-10.png,b3b4eda23d84600934d3e7e472f2f016b919a6e7703f3c4fd6cffd166ed998d4,exported,passed,approved,accepted-by-issue-31
a_/full/11,夏服正面,full,11,268,606,79,76,assets/chihaya_character/chi_a_.png,80a5afbfc5dab932a74bb8f0f13eccf7a4049996900d58548f48818ebbf536b2,assets/chihaya_character/chi11a_.png,c374d86638c39053af12fb39024de8eaf8c7bcafc78c15092a0130acfba442aa,variants/a_/full/layers/body.png,variants/a_/full/layers/faces/face-11.png,variants/a_/full/composites/standing-a_-full-face-11.png,8fa499f7dd93e93c70fcb8d1f0162d2b114cb142dd875df241cbc49de86051e2,exported,passed,approved,accepted-by-issue-31
a_/close/00,夏服正面,close,00,454,670,120,149,ChihayaPet/Resources/CharacterSprites/assets/body-a_-close.png,577368404ae6c072572a2bdb7179afba5c4eb728c53d4fe327fdbdd60f561465,assets/chihaya_character/chi00a_@.png,0d479d6e1eca514440c2736f91da5eeb174a43fb89385d8e59970ccb2865474c,variants/a_/close/layers/body.png,variants/a_/close/layers/faces/face-00.png,variants/a_/close/composites/standing-a_-close-face-00.png,5aa82f666891d600b98190bdc742a3f8c919e416fa19a0ce28bc02095d156c65,exported,passed,approved,accepted-by-issue-31
a_/close/01,夏服正面,close,01,454,670,120,149,ChihayaPet/Resources/CharacterSprites/assets/body-a_-close.png,577368404ae6c072572a2bdb7179afba5c4eb728c53d4fe327fdbdd60f561465,assets/chihaya_character/chi01a_@.png,ed455eeada97a7ce863f3ed0d47989e9ac0a5ebab7818e75d99f524d5958d505,variants/a_/close/layers/body.png,variants/a_/close/layers/faces/face-01.png,variants/a_/close/composites/standing-a_-close-face-01.png,1f032ef637fd9d6534be8a990165ce2ea5139d1bf0d3d7a2befdc25231dbf4ee,exported,passed,approved,accepted-by-issue-31
a_/close/02,夏服正面,close,02,454,670,120,149,ChihayaPet/Resources/CharacterSprites/assets/body-a_-close.png,577368404ae6c072572a2bdb7179afba5c4eb728c53d4fe327fdbdd60f561465,assets/chihaya_character/chi02a_@.png,505e6dfcd9e2eb2e227802b4bcae05500019af87f451378d70749a11038c978b,variants/a_/close/layers/body.png,variants/a_/close/layers/faces/face-02.png,variants/a_/close/composites/standing-a_-close-face-02.png,3836fc55c932337dd7e1df4e96b30fd4f49056dcd5a5d2f7b3cbe39f40088199,exported,passed,approved,accepted-by-issue-31
a_/close/03,夏服正面,close,03,454,670,120,149,ChihayaPet/Resources/CharacterSprites/assets/body-a_-close.png,577368404ae6c072572a2bdb7179afba5c4eb728c53d4fe327fdbdd60f561465,assets/chihaya_character/chi03a_@.png,56ec8deb92d91ae4b911764343b4477ea54d7f8057b04269818e60172e013035,variants/a_/close/layers/body.png,variants/a_/close/layers/faces/face-03.png,variants/a_/close/composites/standing-a_-close-face-03.png,5f7418398912999d0fd9d4a61b8bba8b2dbf89eec29d99eaadc68f25c20fdbaf,exported,passed,approved,accepted-by-issue-31
a_/close/04,夏服正面,close,04,454,670,120,149,ChihayaPet/Resources/CharacterSprites/assets/body-a_-close.png,577368404ae6c072572a2bdb7179afba5c4eb728c53d4fe327fdbdd60f561465,assets/chihaya_character/chi04a_@.png,15d3990540f5615c32c570ae2fb3c4286f9bfc96dc19324dc6677bdcce94b5f6,variants/a_/close/layers/body.png,variants/a_/close/layers/faces/face-04.png,variants/a_/close/composites/standing-a_-close-face-04.png,e90a9a91e61595a2778849c0d7a81ae21cea09138e3cbaeb03fc12589c49be2c,exported,passed,approved,accepted-by-issue-31
a_/close/05,夏服正面,close,05,454,670,120,149,ChihayaPet/Resources/CharacterSprites/assets/body-a_-close.png,577368404ae6c072572a2bdb7179afba5c4eb728c53d4fe327fdbdd60f561465,assets/chihaya_character/chi05a_@.png,2f4e09a987bc68eb11b3d8d7bc13d9645e1ccb0599227b3635f66629113b23b6,variants/a_/close/layers/body.png,variants/a_/close/layers/faces/face-05.png,variants/a_/close/composites/standing-a_-close-face-05.png,dd115bb88d480e27cd2c34178c9620570a026045ca2b711c8f22823e0e470a88,exported,passed,approved,accepted-by-issue-31
a_/close/06,夏服正面,close,06,454,670,120,149,ChihayaPet/Resources/CharacterSprites/assets/body-a_-close.png,577368404ae6c072572a2bdb7179afba5c4eb728c53d4fe327fdbdd60f561465,assets/chihaya_character/chi06a_@.png,d2c03bce15ccbaab8232dbaff1be3420c03581bb3d5b304045316f32fae31b21,variants/a_/close/layers/body.png,variants/a_/close/layers/faces/face-06.png,variants/a_/close/composites/standing-a_-close-face-06.png,fe22f7cbc715f9baa120fb6a2eb84c6baaab6f8ec9646ca0a2635d8162785973,exported,passed,approved,accepted-by-issue-31
a_/close/07,夏服正面,close,07,454,670,120,149,ChihayaPet/Resources/CharacterSprites/assets/body-a_-close.png,577368404ae6c072572a2bdb7179afba5c4eb728c53d4fe327fdbdd60f561465,assets/chihaya_character/chi07a_@.png,fbf4a5b94ed20cd81f1f534637bc022f2be811a03d37377c63fa2e90a8b8255c,variants/a_/close/layers/body.png,variants/a_/close/layers/faces/face-07.png,variants/a_/close/composites/standing-a_-close-face-07.png,c7a668350acea54ece531d38fb80c0a95619141a9a91d65f49bcb040d9ea14f9,exported,passed,approved,accepted-by-issue-31
a_/close/08,夏服正面,close,08,454,670,120,149,ChihayaPet/Resources/CharacterSprites/assets/body-a_-close.png,577368404ae6c072572a2bdb7179afba5c4eb728c53d4fe327fdbdd60f561465,assets/chihaya_character/chi08a_@.png,1152f3e33727b730d12476cf16edf816f4bd1240c344d2bbb943d0706f9c8fea,variants/a_/close/layers/body.png,variants/a_/close/layers/faces/face-08.png,variants/a_/close/composites/standing-a_-close-face-08.png,03ab3e91695196995543e48bb55f9d36c6c84c94c86fa141a7bb81e135a168ce,exported,passed,approved,accepted-by-issue-31
a_/close/09,夏服正面,close,09,454,670,120,149,ChihayaPet/Resources/CharacterSprites/assets/body-a_-close.png,577368404ae6c072572a2bdb7179afba5c4eb728c53d4fe327fdbdd60f561465,assets/chihaya_character/chi09a_@.png,df91c2fef59f76d7f270c976094ab3f95bc6e588b9c673dbd55ae4b688415f1a,variants/a_/close/layers/body.png,variants/a_/close/layers/faces/face-09.png,variants/a_/close/composites/standing-a_-close-face-09.png,858bbb38666e428e5dcbad9f048a432deb99802eb03de12c35a55eb49f6822b9,exported,passed,approved,accepted-by-issue-31
a_/close/10,夏服正面,close,10,454,670,120,149,ChihayaPet/Resources/CharacterSprites/assets/body-a_-close.png,577368404ae6c072572a2bdb7179afba5c4eb728c53d4fe327fdbdd60f561465,assets/chihaya_character/chi10a_@.png,da512dccad8aeb4071bad81d8eeaf4f93f59a726e2a6f8aa7a6542413ed6db26,variants/a_/close/layers/body.png,variants/a_/close/layers/faces/face-10.png,variants/a_/close/composites/standing-a_-close-face-10.png,a4fbf918072970d59b3246a50bec558dd7bbd5bae349a969823ff19c4e426ff8,exported,passed,approved,accepted-by-issue-31
a_/close/11,夏服正面,close,11,454,670,120,149,ChihayaPet/Resources/CharacterSprites/assets/body-a_-close.png,577368404ae6c072572a2bdb7179afba5c4eb728c53d4fe327fdbdd60f561465,assets/chihaya_character/chi11a_@.png,49fca7c44b3fd624bdee6b591049f713e3d9dfc84537c72d8cc2e5c75238c5ac,variants/a_/close/layers/body.png,variants/a_/close/layers/faces/face-11.png,variants/a_/close/composites/standing-a_-close-face-11.png,250ee6f5666e4110ec78979b1f2b11bafba1a1d901cc78a7bf2f994cc1480d12,exported,passed,approved,accepted-by-issue-31
b/full/00,冬服侧身,full,00,310,606,101,80,assets/chihaya_character/chi_b.png,46d139124bfd9a4fb5985860d1805ba5c24db608aba781db2e27a52f775587bf,assets/chihaya_character/chi00b.png,aea16b05bac51c431f9ce63b337b4fe6b4e183d1ecca73622130fc150a2bec9a,variants/b/full/layers/body.png,variants/b/full/layers/faces/face-00.png,variants/b/full/composites/standing-b-full-face-00.png,12997ffb97f78f9c7c1bd6519681cf5f2c0b367aab47dc03cb6ba903faddc1e2,exported,passed,approved,accepted-by-issue-31
b/full/01,冬服侧身,full,01,310,606,101,80,assets/chihaya_character/chi_b.png,46d139124bfd9a4fb5985860d1805ba5c24db608aba781db2e27a52f775587bf,assets/chihaya_character/chi01b.png,bcc7afaaa11fe88c96eb907d16a9354611e3f503aa04253fdc08c11197b2f0c3,variants/b/full/layers/body.png,variants/b/full/layers/faces/face-01.png,variants/b/full/composites/standing-b-full-face-01.png,3d0191a6d792b0a49c4d8cc173d630506a8fa561048232b2d1a5685ef826dfe7,exported,passed,approved,accepted-by-issue-31
b/full/02,冬服侧身,full,02,310,606,101,80,assets/chihaya_character/chi_b.png,46d139124bfd9a4fb5985860d1805ba5c24db608aba781db2e27a52f775587bf,assets/chihaya_character/chi02b.png,c8a4e44ff2483decde2e74cac272784f7fe37072c1a6e686b472d9fc037741fc,variants/b/full/layers/body.png,variants/b/full/layers/faces/face-02.png,variants/b/full/composites/standing-b-full-face-02.png,8f0a3e42ce784a2775bd103c773712b46bfafeeb82fca61ce5cb6cab0f95f260,exported,passed,approved,accepted-by-issue-31
b/full/03,冬服侧身,full,03,310,606,101,80,assets/chihaya_character/chi_b.png,46d139124bfd9a4fb5985860d1805ba5c24db608aba781db2e27a52f775587bf,assets/chihaya_character/chi03b.png,5d2aac1a76fd41bc8382459947bc454368f2c009a97edfa22a65abcf5e6f0506,variants/b/full/layers/body.png,variants/b/full/layers/faces/face-03.png,variants/b/full/composites/standing-b-full-face-03.png,43c3505853b15d806cc1b6625e9b4377207cb93224a7750eadab3f615edac303,exported,passed,approved,accepted-by-issue-31
b/full/04,冬服侧身,full,04,310,606,101,80,assets/chihaya_character/chi_b.png,46d139124bfd9a4fb5985860d1805ba5c24db608aba781db2e27a52f775587bf,assets/chihaya_character/chi04b.png,297c7e6be7e78b3ff36fc1643d9392c389a7988a14a24a290df2de350d5547eb,variants/b/full/layers/body.png,variants/b/full/layers/faces/face-04.png,variants/b/full/composites/standing-b-full-face-04.png,c795ffc0b8e59237ba1f1f4d131662d156aba0e4c00aab9e499670599b24d03a,exported,passed,approved,accepted-by-issue-31
b/full/05,冬服侧身,full,05,310,606,101,80,assets/chihaya_character/chi_b.png,46d139124bfd9a4fb5985860d1805ba5c24db608aba781db2e27a52f775587bf,assets/chihaya_character/chi05b.png,e3ad7aaeab4e7b49c40bc500f477b9ee08b560b13e722e5516f3a06754f7a4ad,variants/b/full/layers/body.png,variants/b/full/layers/faces/face-05.png,variants/b/full/composites/standing-b-full-face-05.png,9641746249382a09880c7ba09c7cea910cdab3f2e524cb5b784e484129716843,exported,passed,approved,accepted-by-issue-31
b/full/06,冬服侧身,full,06,310,606,101,80,assets/chihaya_character/chi_b.png,46d139124bfd9a4fb5985860d1805ba5c24db608aba781db2e27a52f775587bf,assets/chihaya_character/chi06b.png,707f85a25ea73164d51a5344a608a271154992a518eb80d5752dcebcec4a9734,variants/b/full/layers/body.png,variants/b/full/layers/faces/face-06.png,variants/b/full/composites/standing-b-full-face-06.png,323d3f223b445a7aadb3f79cfda9e8a56e2959b55d20a2da78c19e36fe3f8fd0,exported,passed,approved,accepted-by-issue-31
b/close/00,冬服侧身,close,00,508,670,163,130,ChihayaPet/Resources/CharacterSprites/assets/body-b-close.png,cd46bae8dfdf328aceede42d6a6e8c59d2f489f19b28f471394f1e92462a5383,assets/chihaya_character/chi00b@.png,c84e9d394b4434ec42c2a9c70525c49e8d242b1720c21c44752ce3f163a36273,variants/b/close/layers/body.png,variants/b/close/layers/faces/face-00.png,variants/b/close/composites/standing-b-close-face-00.png,3e83354ba43acf390408cd7c8e6c12e7ac3ec4883132699acdd1e564e402f196,exported,passed,approved,accepted-by-issue-31
b/close/01,冬服侧身,close,01,508,670,163,130,ChihayaPet/Resources/CharacterSprites/assets/body-b-close.png,cd46bae8dfdf328aceede42d6a6e8c59d2f489f19b28f471394f1e92462a5383,assets/chihaya_character/chi01b@.png,c71b1d3dfd250c37c37f50cbd473d31ee6dc2ad0305ccf61fe6b11d0be439312,variants/b/close/layers/body.png,variants/b/close/layers/faces/face-01.png,variants/b/close/composites/standing-b-close-face-01.png,d56c7df9284e15ca4dae75daed9c58556926f5050c9fa15a4a1d2ba28fdb2e49,exported,passed,approved,accepted-by-issue-31
b/close/02,冬服侧身,close,02,508,670,163,130,ChihayaPet/Resources/CharacterSprites/assets/body-b-close.png,cd46bae8dfdf328aceede42d6a6e8c59d2f489f19b28f471394f1e92462a5383,assets/chihaya_character/chi02b@.png,0d24b0f1c944cc89c1e5562ee97eb6d23345348b4b7a485d21d0be990ac3090b,variants/b/close/layers/body.png,variants/b/close/layers/faces/face-02.png,variants/b/close/composites/standing-b-close-face-02.png,8a1720e25c68a9e3e939e4136df5e8700fbf815bc508d2cc2e698cdfd20cb148,exported,passed,approved,accepted-by-issue-31
b/close/03,冬服侧身,close,03,508,670,163,130,ChihayaPet/Resources/CharacterSprites/assets/body-b-close.png,cd46bae8dfdf328aceede42d6a6e8c59d2f489f19b28f471394f1e92462a5383,assets/chihaya_character/chi03b@.png,5a3d5c9309119939f671b5f9a60de33ff8afeed2a8b58a0353247deeab03b119,variants/b/close/layers/body.png,variants/b/close/layers/faces/face-03.png,variants/b/close/composites/standing-b-close-face-03.png,485a40d8a951ee63d9ffd0a6e17c0fd60e67fd77994dba6e200f18dc191ea1d9,exported,passed,approved,accepted-by-issue-31
b/close/04,冬服侧身,close,04,508,670,163,130,ChihayaPet/Resources/CharacterSprites/assets/body-b-close.png,cd46bae8dfdf328aceede42d6a6e8c59d2f489f19b28f471394f1e92462a5383,assets/chihaya_character/chi04b@.png,810647e3743e70c1a089c04aff90c4b8e98485113c252790ec410892f23c6fa5,variants/b/close/layers/body.png,variants/b/close/layers/faces/face-04.png,variants/b/close/composites/standing-b-close-face-04.png,57b0baf66520fb1d863b208e6959487bcab780a37c23fba4d0f24b13f4541bf4,exported,passed,approved,accepted-by-issue-31
b/close/05,冬服侧身,close,05,508,670,163,130,ChihayaPet/Resources/CharacterSprites/assets/body-b-close.png,cd46bae8dfdf328aceede42d6a6e8c59d2f489f19b28f471394f1e92462a5383,assets/chihaya_character/chi05b@.png,9981056ec526ebe6342b534a624be84a9167e683e21efb1310cd699d3e0336bf,variants/b/close/layers/body.png,variants/b/close/layers/faces/face-05.png,variants/b/close/composites/standing-b-close-face-05.png,85d89e3a4c9d4b6a6d834f9e4fe51cb206d150890a9afeca63f0ca417bcf5ffd,exported,passed,approved,accepted-by-issue-31
b/close/06,冬服侧身,close,06,508,670,163,130,ChihayaPet/Resources/CharacterSprites/assets/body-b-close.png,cd46bae8dfdf328aceede42d6a6e8c59d2f489f19b28f471394f1e92462a5383,assets/chihaya_character/chi06b@.png,562683fb854f503f4e0ec4bfb0568ac25394c7debdb0c57d4edf638cbb4a11b8,variants/b/close/layers/body.png,variants/b/close/layers/faces/face-06.png,variants/b/close/composites/standing-b-close-face-06.png,ee49ec103332c20d9dc1f12c2625cf9fde30fc44ff0d85040665c6165e19b9b0,exported,passed,approved,accepted-by-issue-31
b_/full/00,夏服侧身,full,00,310,606,101,80,assets/chihaya_character/chi_b_.png,1650f1d49c2fca349d91ad05cd5e4d380f68f8d8266734974132ea29e0c79e7a,assets/chihaya_character/chi00b_.png,aea16b05bac51c431f9ce63b337b4fe6b4e183d1ecca73622130fc150a2bec9a,variants/b_/full/layers/body.png,variants/b_/full/layers/faces/face-00.png,variants/b_/full/composites/standing-b_-full-face-00.png,7737216fccb05f0c32daaa8406d9c5c4f74bcca130aeeecdf50e64c8a672dabe,exported,passed,approved,accepted-by-issue-31
b_/full/01,夏服侧身,full,01,310,606,101,80,assets/chihaya_character/chi_b_.png,1650f1d49c2fca349d91ad05cd5e4d380f68f8d8266734974132ea29e0c79e7a,assets/chihaya_character/chi01b_.png,bcc7afaaa11fe88c96eb907d16a9354611e3f503aa04253fdc08c11197b2f0c3,variants/b_/full/layers/body.png,variants/b_/full/layers/faces/face-01.png,variants/b_/full/composites/standing-b_-full-face-01.png,f132e2291be44f65733d3e453ed6ee290d0457d103a0fd444ce7229a2d068efd,exported,passed,approved,accepted-by-issue-31
b_/full/02,夏服侧身,full,02,310,606,101,80,assets/chihaya_character/chi_b_.png,1650f1d49c2fca349d91ad05cd5e4d380f68f8d8266734974132ea29e0c79e7a,assets/chihaya_character/chi02b_.png,c8a4e44ff2483decde2e74cac272784f7fe37072c1a6e686b472d9fc037741fc,variants/b_/full/layers/body.png,variants/b_/full/layers/faces/face-02.png,variants/b_/full/composites/standing-b_-full-face-02.png,82e74c236dd391240e9f4f7a4714083ee4fc826a0f679dc4995ab496455640c0,exported,passed,approved,accepted-by-issue-31
b_/full/03,夏服侧身,full,03,310,606,101,80,assets/chihaya_character/chi_b_.png,1650f1d49c2fca349d91ad05cd5e4d380f68f8d8266734974132ea29e0c79e7a,assets/chihaya_character/chi03b_.png,5d2aac1a76fd41bc8382459947bc454368f2c009a97edfa22a65abcf5e6f0506,variants/b_/full/layers/body.png,variants/b_/full/layers/faces/face-03.png,variants/b_/full/composites/standing-b_-full-face-03.png,126d25c360eb7e242f6ac50b0de89de0db4e5c7ba1353fba9d865f570e1405d5,exported,passed,approved,accepted-by-issue-31
b_/full/04,夏服侧身,full,04,310,606,101,80,assets/chihaya_character/chi_b_.png,1650f1d49c2fca349d91ad05cd5e4d380f68f8d8266734974132ea29e0c79e7a,assets/chihaya_character/chi04b_.png,297c7e6be7e78b3ff36fc1643d9392c389a7988a14a24a290df2de350d5547eb,variants/b_/full/layers/body.png,variants/b_/full/layers/faces/face-04.png,variants/b_/full/composites/standing-b_-full-face-04.png,b5cb393449a9f1457004f79c8271f1bba4e4c86be2a9c3d6b9a66cf668969c92,exported,passed,approved,accepted-by-issue-31
b_/full/05,夏服侧身,full,05,310,606,101,80,assets/chihaya_character/chi_b_.png,1650f1d49c2fca349d91ad05cd5e4d380f68f8d8266734974132ea29e0c79e7a,assets/chihaya_character/chi05b_.png,e3ad7aaeab4e7b49c40bc500f477b9ee08b560b13e722e5516f3a06754f7a4ad,variants/b_/full/layers/body.png,variants/b_/full/layers/faces/face-05.png,variants/b_/full/composites/standing-b_-full-face-05.png,21c269562f4f70ad9c66030f8ca262b20386d325832031fd2d1cfae46418ea96,exported,passed,approved,accepted-by-issue-31
b_/full/06,夏服侧身,full,06,310,606,101,80,assets/chihaya_character/chi_b_.png,1650f1d49c2fca349d91ad05cd5e4d380f68f8d8266734974132ea29e0c79e7a,assets/chihaya_character/chi06b_.png,707f85a25ea73164d51a5344a608a271154992a518eb80d5752dcebcec4a9734,variants/b_/full/layers/body.png,variants/b_/full/layers/faces/face-06.png,variants/b_/full/composites/standing-b_-full-face-06.png,96ea7664115033e00cc1284fb53d47de662895048e57f6a448ab5a10e48ce32e,exported,passed,approved,accepted-by-issue-31
b_/close/00,夏服侧身,close,00,508,670,163,130,ChihayaPet/Resources/CharacterSprites/assets/body-b_-close.png,615a54759c916275a1850334f3ac82d1c898fc93e7709a7fc3be83282dde13fb,assets/chihaya_character/chi00b_@.png,c84e9d394b4434ec42c2a9c70525c49e8d242b1720c21c44752ce3f163a36273,variants/b_/close/layers/body.png,variants/b_/close/layers/faces/face-00.png,variants/b_/close/composites/standing-b_-close-face-00.png,15faa991a0df04b39739973ee5fb60212cdec854a4afb21ef94c851495a35ac9,exported,passed,approved,accepted-by-issue-31
b_/close/01,夏服侧身,close,01,508,670,163,130,ChihayaPet/Resources/CharacterSprites/assets/body-b_-close.png,615a54759c916275a1850334f3ac82d1c898fc93e7709a7fc3be83282dde13fb,assets/chihaya_character/chi01b_@.png,c71b1d3dfd250c37c37f50cbd473d31ee6dc2ad0305ccf61fe6b11d0be439312,variants/b_/close/layers/body.png,variants/b_/close/layers/faces/face-01.png,variants/b_/close/composites/standing-b_-close-face-01.png,8c0ed88668e4a9eb23ad870afe48a6beb7079eee5ae1d2de9e7008508f951e32,exported,passed,approved,accepted-by-issue-31
b_/close/02,夏服侧身,close,02,508,670,163,130,ChihayaPet/Resources/CharacterSprites/assets/body-b_-close.png,615a54759c916275a1850334f3ac82d1c898fc93e7709a7fc3be83282dde13fb,assets/chihaya_character/chi02b_@.png,0d24b0f1c944cc89c1e5562ee97eb6d23345348b4b7a485d21d0be990ac3090b,variants/b_/close/layers/body.png,variants/b_/close/layers/faces/face-02.png,variants/b_/close/composites/standing-b_-close-face-02.png,eef5d8f995794195c4c5ea0c6990782a8f32b590e49d5b4fdbe4ffcf876232dc,exported,passed,approved,accepted-by-issue-31
b_/close/03,夏服侧身,close,03,508,670,163,130,ChihayaPet/Resources/CharacterSprites/assets/body-b_-close.png,615a54759c916275a1850334f3ac82d1c898fc93e7709a7fc3be83282dde13fb,assets/chihaya_character/chi03b_@.png,5a3d5c9309119939f671b5f9a60de33ff8afeed2a8b58a0353247deeab03b119,variants/b_/close/layers/body.png,variants/b_/close/layers/faces/face-03.png,variants/b_/close/composites/standing-b_-close-face-03.png,e8497c0a03f9ce11553ed7a22aec5ff2550ccfd55d68a02cffea4fae82eb7ad7,exported,passed,approved,accepted-by-issue-31
b_/close/04,夏服侧身,close,04,508,670,163,130,ChihayaPet/Resources/CharacterSprites/assets/body-b_-close.png,615a54759c916275a1850334f3ac82d1c898fc93e7709a7fc3be83282dde13fb,assets/chihaya_character/chi04b_@.png,810647e3743e70c1a089c04aff90c4b8e98485113c252790ec410892f23c6fa5,variants/b_/close/layers/body.png,variants/b_/close/layers/faces/face-04.png,variants/b_/close/composites/standing-b_-close-face-04.png,b3e298f5dbc9b20e77db4a0f3fae354fe135cdc588b6c37b233103649048457f,exported,passed,approved,accepted-by-issue-31
b_/close/05,夏服侧身,close,05,508,670,163,130,ChihayaPet/Resources/CharacterSprites/assets/body-b_-close.png,615a54759c916275a1850334f3ac82d1c898fc93e7709a7fc3be83282dde13fb,assets/chihaya_character/chi05b_@.png,9981056ec526ebe6342b534a624be84a9167e683e21efb1310cd699d3e0336bf,variants/b_/close/layers/body.png,variants/b_/close/layers/faces/face-05.png,variants/b_/close/composites/standing-b_-close-face-05.png,dc271dda716c9beb46b2733e6baf2ea1175040efd992524857344839cc6b9b78,exported,passed,approved,accepted-by-issue-31
b_/close/06,夏服侧身,close,06,508,670,163,130,ChihayaPet/Resources/CharacterSprites/assets/body-b_-close.png,615a54759c916275a1850334f3ac82d1c898fc93e7709a7fc3be83282dde13fb,assets/chihaya_character/chi06b_@.png,562683fb854f503f4e0ec4bfb0568ac25394c7debdb0c57d4edf638cbb4a11b8,variants/b_/close/layers/body.png,variants/b_/close/layers/faces/face-06.png,variants/b_/close/composites/standing-b_-close-face-06.png,ed56fb2059163b8456a08155d7fade046efedd0f0b056c0d48e6aa1cec2cb9ac,exported,passed,approved,accepted-by-issue-31
c/full/00,米色便服,full,00,268,606,79,76,assets/chihaya_character/chi_c.png,839cd680f9de686f5610e6702284156b545171cdb755bfc830b1b0376ebc2e02,assets/chihaya_character/chi00c.png,209b1fe474cf6461727d91976a4b52d63568ae232fd67f3a21e75bd4abba2a85,variants/c/full/layers/body.png,variants/c/full/layers/faces/face-00.png,variants/c/full/composites/standing-c-full-face-00.png,56fa2d45ad3dc79e5319ec19f0f531202724dfbe03286141c99a0940245bb442,exported,passed,approved,accepted-by-issue-31
c/full/01,米色便服,full,01,268,606,79,76,assets/chihaya_character/chi_c.png,839cd680f9de686f5610e6702284156b545171cdb755bfc830b1b0376ebc2e02,assets/chihaya_character/chi01c.png,5d2bf0609bfc23f3a07fdc69082cbec59449a9b9fc57b420e2149c66f2e7d418,variants/c/full/layers/body.png,variants/c/full/layers/faces/face-01.png,variants/c/full/composites/standing-c-full-face-01.png,3cd99a63d0b74cf0ddfc1cd0cf9fc826c459efa8c6d64467168213b70a9a3875,exported,passed,approved,accepted-by-issue-31
c/full/02,米色便服,full,02,268,606,79,76,assets/chihaya_character/chi_c.png,839cd680f9de686f5610e6702284156b545171cdb755bfc830b1b0376ebc2e02,assets/chihaya_character/chi02c.png,63c8e5f7bb9c9803246ea1ed530726e637d4e17612fa094ecd76c72bf342caed,variants/c/full/layers/body.png,variants/c/full/layers/faces/face-02.png,variants/c/full/composites/standing-c-full-face-02.png,0d59935e52078543937bc90cae6b329895be8a58f6ec0a7a4f8cfab5d0f76eec,exported,passed,approved,accepted-by-issue-31
c/full/03,米色便服,full,03,268,606,79,76,assets/chihaya_character/chi_c.png,839cd680f9de686f5610e6702284156b545171cdb755bfc830b1b0376ebc2e02,assets/chihaya_character/chi03c.png,74f805064c93746eca0fa34c81fabb4177db7f43e46beed41711e8845512f553,variants/c/full/layers/body.png,variants/c/full/layers/faces/face-03.png,variants/c/full/composites/standing-c-full-face-03.png,91c6878d617569d1f20fc48a5373f4dd8c3369d008ba3de45a0f7acab3c57ae2,exported,passed,approved,accepted-by-issue-31
c/full/04,米色便服,full,04,268,606,79,76,assets/chihaya_character/chi_c.png,839cd680f9de686f5610e6702284156b545171cdb755bfc830b1b0376ebc2e02,assets/chihaya_character/chi04c.png,5f51f207047671c6ce6bf6688d8ac74596673cd88229694f9f0d3fcd3bc97eac,variants/c/full/layers/body.png,variants/c/full/layers/faces/face-04.png,variants/c/full/composites/standing-c-full-face-04.png,bf92f7857f43f49a1735641af85d16b1edb81485459b41a4dc7d64df55577380,exported,passed,approved,accepted-by-issue-31
c/full/05,米色便服,full,05,268,606,79,76,assets/chihaya_character/chi_c.png,839cd680f9de686f5610e6702284156b545171cdb755bfc830b1b0376ebc2e02,assets/chihaya_character/chi05c.png,289961b88af9c40b09bddd26dd73b3eb7f25396c286f824aa813932ca1654f1b,variants/c/full/layers/body.png,variants/c/full/layers/faces/face-05.png,variants/c/full/composites/standing-c-full-face-05.png,d3b124b75559aef13951f22a5831a560c1d5cc3762ab230a1c11c34b7c71006f,exported,passed,approved,accepted-by-issue-31
c/full/06,米色便服,full,06,268,606,79,76,assets/chihaya_character/chi_c.png,839cd680f9de686f5610e6702284156b545171cdb755bfc830b1b0376ebc2e02,assets/chihaya_character/chi06c.png,ca9d7174e63ea4be5ce21ba78dd5f7d733910918584212d26398f886e289cbb8,variants/c/full/layers/body.png,variants/c/full/layers/faces/face-06.png,variants/c/full/composites/standing-c-full-face-06.png,58506be552949f223c2e799af090a2f6af32081f016c4bf6d6f6aeb582ba3cd2,exported,passed,approved,accepted-by-issue-31
c/full/07,米色便服,full,07,268,606,79,76,assets/chihaya_character/chi_c.png,839cd680f9de686f5610e6702284156b545171cdb755bfc830b1b0376ebc2e02,assets/chihaya_character/chi07c.png,b21dbf21f7219d34ef906276f29b8eca92a7f8076ab5f8a8a23612de1b9dcbc4,variants/c/full/layers/body.png,variants/c/full/layers/faces/face-07.png,variants/c/full/composites/standing-c-full-face-07.png,3db3681e7c9a63fff8c93d693a0bcf6e9ad8e52cc6c85fb5c4844a692e59aa88,exported,passed,approved,accepted-by-issue-31
c/full/08,米色便服,full,08,268,606,79,76,assets/chihaya_character/chi_c.png,839cd680f9de686f5610e6702284156b545171cdb755bfc830b1b0376ebc2e02,assets/chihaya_character/chi08c.png,b6637a6e0e9d5eb8a6eb0316595066cde0808c7d60a5725807d34d3d50792662,variants/c/full/layers/body.png,variants/c/full/layers/faces/face-08.png,variants/c/full/composites/standing-c-full-face-08.png,9fe2fa4ef4e300be3c07ded02f8b07e4a13a7bec52478329e8c68bddbe17e907,exported,passed,approved,accepted-by-issue-31
c/full/09,米色便服,full,09,268,606,79,76,assets/chihaya_character/chi_c.png,839cd680f9de686f5610e6702284156b545171cdb755bfc830b1b0376ebc2e02,assets/chihaya_character/chi09c.png,013ba9408ba0d834d6f08fc8b9c4e4320ad9661826ddb45adac5db841da1ae87,variants/c/full/layers/body.png,variants/c/full/layers/faces/face-09.png,variants/c/full/composites/standing-c-full-face-09.png,d4265729e69259e2f0d3a39b7b525a677a8bd5848f6e58e72ed14c25d6746330,exported,passed,approved,accepted-by-issue-31
c/full/10,米色便服,full,10,268,606,79,76,assets/chihaya_character/chi_c.png,839cd680f9de686f5610e6702284156b545171cdb755bfc830b1b0376ebc2e02,assets/chihaya_character/chi10c.png,c17ea857f27f03cbc907865ccbc9df30b4e1340d761c4311b4ceda91c7b1f83b,variants/c/full/layers/body.png,variants/c/full/layers/faces/face-10.png,variants/c/full/composites/standing-c-full-face-10.png,0caa555016dbe74455d4d6f9a861a1c2c8cac5e69368fc12f9bace57ce202e59,exported,passed,approved,accepted-by-issue-31
c/full/11,米色便服,full,11,268,606,79,76,assets/chihaya_character/chi_c.png,839cd680f9de686f5610e6702284156b545171cdb755bfc830b1b0376ebc2e02,assets/chihaya_character/chi11c.png,6cd72d07593de6a9467673110abbb57d4ead720f7d5a10304b51b3a56cc94114,variants/c/full/layers/body.png,variants/c/full/layers/faces/face-11.png,variants/c/full/composites/standing-c-full-face-11.png,2621cf8e3a1e733a5e0b31ea7db1b9065cdb5ec1e96a232c9f65f66a9643f989,exported,passed,approved,accepted-by-issue-31
c/close/00,米色便服,close,00,454,670,120,149,ChihayaPet/Resources/CharacterSprites/assets/body-c-close.png,83563719d77d5c8ea3d4ff25466b469f9f6545416b06f025d33e331f59cd2c4b,assets/chihaya_character/chi00c@.png,bafe4b7d5d2dadd9dd6cce0df694254a84182d7d8e733bc58a7eda03924e02ec,variants/c/close/layers/body.png,variants/c/close/layers/faces/face-00.png,variants/c/close/composites/standing-c-close-face-00.png,e40d97ffa2b983c4e4605c2406a991b86467aa07851e17317adf6563a3335aca,exported,passed,approved,accepted-by-issue-31
c/close/01,米色便服,close,01,454,670,120,149,ChihayaPet/Resources/CharacterSprites/assets/body-c-close.png,83563719d77d5c8ea3d4ff25466b469f9f6545416b06f025d33e331f59cd2c4b,assets/chihaya_character/chi01c@.png,edfd4923f299e5169ef22f7087b44a8b8f1bdc7fff22f1c5150a05f35c3be2a6,variants/c/close/layers/body.png,variants/c/close/layers/faces/face-01.png,variants/c/close/composites/standing-c-close-face-01.png,f7ddcc13492931bf224614ac187f1b37b727072253985b03d04fe8a634ea2202,exported,passed,approved,accepted-by-issue-31
c/close/02,米色便服,close,02,454,670,120,149,ChihayaPet/Resources/CharacterSprites/assets/body-c-close.png,83563719d77d5c8ea3d4ff25466b469f9f6545416b06f025d33e331f59cd2c4b,assets/chihaya_character/chi02c@.png,ceb9405aed29e796583a57570e4d1eb64beb65b76595f582c902574aed33e70a,variants/c/close/layers/body.png,variants/c/close/layers/faces/face-02.png,variants/c/close/composites/standing-c-close-face-02.png,d2efedbe6520f709076dbae9aafb87da3b25db896806a5e056653c0d601bb2f0,exported,passed,approved,accepted-by-issue-31
c/close/03,米色便服,close,03,454,670,120,149,ChihayaPet/Resources/CharacterSprites/assets/body-c-close.png,83563719d77d5c8ea3d4ff25466b469f9f6545416b06f025d33e331f59cd2c4b,assets/chihaya_character/chi03c@.png,5c74c8e51d1696cc2fc4c9f390f9459b9e5e4df2a4f0947bb0502f7840207d91,variants/c/close/layers/body.png,variants/c/close/layers/faces/face-03.png,variants/c/close/composites/standing-c-close-face-03.png,33238eec1bb415ec5b67644d80feb642664b80187828cf14dd4eb64d66fa1857,exported,passed,approved,accepted-by-issue-31
c/close/04,米色便服,close,04,454,670,120,149,ChihayaPet/Resources/CharacterSprites/assets/body-c-close.png,83563719d77d5c8ea3d4ff25466b469f9f6545416b06f025d33e331f59cd2c4b,assets/chihaya_character/chi04c@.png,b6793b4886f699cebeff7475b90ad3364e5d63a81da03eb6e55d718895299dcc,variants/c/close/layers/body.png,variants/c/close/layers/faces/face-04.png,variants/c/close/composites/standing-c-close-face-04.png,e6cb140d64131e58b7acfed3400dea1cfbf60255131f518b581ffb78371fd8ce,exported,passed,approved,accepted-by-issue-31
c/close/05,米色便服,close,05,454,670,120,149,ChihayaPet/Resources/CharacterSprites/assets/body-c-close.png,83563719d77d5c8ea3d4ff25466b469f9f6545416b06f025d33e331f59cd2c4b,assets/chihaya_character/chi05c@.png,9ab3c5acd79184ea7a87d4e9479a5d656ae13519e96b1be3ed6da1b668cfcdff,variants/c/close/layers/body.png,variants/c/close/layers/faces/face-05.png,variants/c/close/composites/standing-c-close-face-05.png,082e8d970c6ff4ab96f91b5fda2123b435170d8cdee84603ae3fd2f1d8926c90,exported,passed,approved,accepted-by-issue-31
c/close/06,米色便服,close,06,454,670,120,149,ChihayaPet/Resources/CharacterSprites/assets/body-c-close.png,83563719d77d5c8ea3d4ff25466b469f9f6545416b06f025d33e331f59cd2c4b,assets/chihaya_character/chi06c@.png,8036b0527001a286874a55653ba6a10f068d29d3519fa6be66a4018dc14a66af,variants/c/close/layers/body.png,variants/c/close/layers/faces/face-06.png,variants/c/close/composites/standing-c-close-face-06.png,868322ed30c0c36c2b742ff54bd1301f26cd0392496703b090bc3150d54451b9,exported,passed,approved,accepted-by-issue-31
c/close/07,米色便服,close,07,454,670,120,149,ChihayaPet/Resources/CharacterSprites/assets/body-c-close.png,83563719d77d5c8ea3d4ff25466b469f9f6545416b06f025d33e331f59cd2c4b,assets/chihaya_character/chi07c@.png,95eb110633729ed31b38dd81ff2ede1c8d59287d77a6118abb14188866c8dfeb,variants/c/close/layers/body.png,variants/c/close/layers/faces/face-07.png,variants/c/close/composites/standing-c-close-face-07.png,072470d111eab3298151440fe7c0dd39d161609689c5757eb8304e1bda944d77,exported,passed,approved,accepted-by-issue-31
c/close/08,米色便服,close,08,454,670,120,149,ChihayaPet/Resources/CharacterSprites/assets/body-c-close.png,83563719d77d5c8ea3d4ff25466b469f9f6545416b06f025d33e331f59cd2c4b,assets/chihaya_character/chi08c@.png,acbedd0836259ab4b05ec537b35da8cac52db0278ca4832c097c8daf8ca1d1c2,variants/c/close/layers/body.png,variants/c/close/layers/faces/face-08.png,variants/c/close/composites/standing-c-close-face-08.png,c1f84ca72cf8a1d9af164ec6b72b03589e4f4dc20c31439e7e71940ee38b3ee0,exported,passed,approved,accepted-by-issue-31
c/close/09,米色便服,close,09,454,670,120,149,ChihayaPet/Resources/CharacterSprites/assets/body-c-close.png,83563719d77d5c8ea3d4ff25466b469f9f6545416b06f025d33e331f59cd2c4b,assets/chihaya_character/chi09c@.png,1d6e9fae54a7c7614c689eeff4543bede2ee4c7d086dd9a331e325e90d2d0fcf,variants/c/close/layers/body.png,variants/c/close/layers/faces/face-09.png,variants/c/close/composites/standing-c-close-face-09.png,1fc51db8723c163702f7bf9d71007ec565ab1a6b696ac02aa17fa50ef106fe7e,exported,passed,approved,accepted-by-issue-31
c/close/10,米色便服,close,10,454,670,120,149,ChihayaPet/Resources/CharacterSprites/assets/body-c-close.png,83563719d77d5c8ea3d4ff25466b469f9f6545416b06f025d33e331f59cd2c4b,assets/chihaya_character/chi10c@.png,06c43711f011e127b59c0de8f6c7cf44b0a0be0fa3aff4692456f0d8eb762a0a,variants/c/close/layers/body.png,variants/c/close/layers/faces/face-10.png,variants/c/close/composites/standing-c-close-face-10.png,53290347bf914254a1545834a0a3fbfd4bea3e6dfe4072f026c018c927370b46,exported,passed,approved,accepted-by-issue-31
c/close/11,米色便服,close,11,454,670,120,149,ChihayaPet/Resources/CharacterSprites/assets/body-c-close.png,83563719d77d5c8ea3d4ff25466b469f9f6545416b06f025d33e331f59cd2c4b,assets/chihaya_character/chi11c@.png,49fca7c44b3fd624bdee6b591049f713e3d9dfc84537c72d8cc2e5c75238c5ac,variants/c/close/layers/body.png,variants/c/close/layers/faces/face-11.png,variants/c/close/composites/standing-c-close-face-11.png,e0c09d56b696eeb1f7422ba2c8fdf4da8b46b9ae068754609dc5e06d11246f0c,exported,passed,approved,accepted-by-issue-31
d/full/00,粉色裙装,full,00,268,606,79,76,assets/chihaya_character/chi_d.png,2c49d2c91c010074ba14f4be27eac40552c4fa23ba0974a2d866842fdc6fbb55,assets/chihaya_character/chi00d.png,7e6094a6ab5f1b3c15d3fda6856003d570e38dd7fe37480a9676c5d21fc5a865,variants/d/full/layers/body.png,variants/d/full/layers/faces/face-00.png,variants/d/full/composites/standing-d-full-face-00.png,8a092812ecf91f99b592f65df6c271d35d4cd22aae6fe8f50254795ab62596d5,exported,passed,approved,accepted-by-issue-31
d/full/01,粉色裙装,full,01,268,606,79,76,assets/chihaya_character/chi_d.png,2c49d2c91c010074ba14f4be27eac40552c4fa23ba0974a2d866842fdc6fbb55,assets/chihaya_character/chi01d.png,42ae869dd78110dd43b1bc8f998a0004cc38fb8959230a02ffa436d63821d96d,variants/d/full/layers/body.png,variants/d/full/layers/faces/face-01.png,variants/d/full/composites/standing-d-full-face-01.png,835e8c7610a739fc1cef117d3775fcd2aeb12ea04698c421b11f6617e5230499,exported,passed,approved,accepted-by-issue-31
d/full/02,粉色裙装,full,02,268,606,79,76,assets/chihaya_character/chi_d.png,2c49d2c91c010074ba14f4be27eac40552c4fa23ba0974a2d866842fdc6fbb55,assets/chihaya_character/chi02d.png,3fc224f12f956613ae1a58fc21f0fbc6a06bc5bb4315f22fdc7657c8c8d9a3a6,variants/d/full/layers/body.png,variants/d/full/layers/faces/face-02.png,variants/d/full/composites/standing-d-full-face-02.png,4841ff1a03148ff91883a1a6cff3ce1c5a9a0d3e2ae25c311b398bdbd13e7d6e,exported,passed,approved,accepted-by-issue-31
d/full/03,粉色裙装,full,03,268,606,79,76,assets/chihaya_character/chi_d.png,2c49d2c91c010074ba14f4be27eac40552c4fa23ba0974a2d866842fdc6fbb55,assets/chihaya_character/chi03d.png,031f240948aed8b5d5aee143e85d631d22972611a848b651cad949b27aad974f,variants/d/full/layers/body.png,variants/d/full/layers/faces/face-03.png,variants/d/full/composites/standing-d-full-face-03.png,a55dbf45c88f3e00766e8d123e13ebe364d8d6b78e77a1fdbad9f055c7609fd9,exported,passed,approved,accepted-by-issue-31
d/full/04,粉色裙装,full,04,268,606,79,76,assets/chihaya_character/chi_d.png,2c49d2c91c010074ba14f4be27eac40552c4fa23ba0974a2d866842fdc6fbb55,assets/chihaya_character/chi04d.png,510aa29855f63554b7625f7ae4e738de88db6833a5a1512a681201680bf24145,variants/d/full/layers/body.png,variants/d/full/layers/faces/face-04.png,variants/d/full/composites/standing-d-full-face-04.png,9fb5b54d872d9f4edfa8c350448620c2bd2980de87f068561258024e601a8c27,exported,passed,approved,accepted-by-issue-31
d/full/05,粉色裙装,full,05,268,606,79,76,assets/chihaya_character/chi_d.png,2c49d2c91c010074ba14f4be27eac40552c4fa23ba0974a2d866842fdc6fbb55,assets/chihaya_character/chi05d.png,fdd50ccf44d4e2953e6e3fe9924c9512f967db423e5407e2c705ee4859e1f2b4,variants/d/full/layers/body.png,variants/d/full/layers/faces/face-05.png,variants/d/full/composites/standing-d-full-face-05.png,2c6814fe527e7bc5deeb2d4f723c9de219f5854d957a25927688ed10a2575fc4,exported,passed,approved,accepted-by-issue-31
d/full/06,粉色裙装,full,06,268,606,79,76,assets/chihaya_character/chi_d.png,2c49d2c91c010074ba14f4be27eac40552c4fa23ba0974a2d866842fdc6fbb55,assets/chihaya_character/chi06d.png,a4e5b4ac3fd52bcfa771d634398981ea3a0434d9ed4bf8928d318bf213ca791c,variants/d/full/layers/body.png,variants/d/full/layers/faces/face-06.png,variants/d/full/composites/standing-d-full-face-06.png,76b8aa910c4180dafa12ebe161cdafa2c6f329919f52ca61449abdc5aab4857c,exported,passed,approved,accepted-by-issue-31
d/full/07,粉色裙装,full,07,268,606,79,76,assets/chihaya_character/chi_d.png,2c49d2c91c010074ba14f4be27eac40552c4fa23ba0974a2d866842fdc6fbb55,assets/chihaya_character/chi07d.png,8fe626946c9312a63a37ba341d6f7d500ae662408e921cf373be5429f53af570,variants/d/full/layers/body.png,variants/d/full/layers/faces/face-07.png,variants/d/full/composites/standing-d-full-face-07.png,1d0bec25a344ca5aa6c264ba1c4d5769af56f7af83ee25fa4af64af529022a37,exported,passed,approved,accepted-by-issue-31
d/full/08,粉色裙装,full,08,268,606,79,76,assets/chihaya_character/chi_d.png,2c49d2c91c010074ba14f4be27eac40552c4fa23ba0974a2d866842fdc6fbb55,assets/chihaya_character/chi08d.png,1cc547dd235bbfd8c7feef148884a0c7b89f51c39836b6c498050f08f7855122,variants/d/full/layers/body.png,variants/d/full/layers/faces/face-08.png,variants/d/full/composites/standing-d-full-face-08.png,ce6667baf3955900d25159df57c5a36d5163d44d910f88382bc295136261a333,exported,passed,approved,accepted-by-issue-31
d/full/09,粉色裙装,full,09,268,606,79,76,assets/chihaya_character/chi_d.png,2c49d2c91c010074ba14f4be27eac40552c4fa23ba0974a2d866842fdc6fbb55,assets/chihaya_character/chi09d.png,2b0da4de0ceba56a6de7286d3c3517d80b7bcb200f69f93e23bc3654dbabeb8c,variants/d/full/layers/body.png,variants/d/full/layers/faces/face-09.png,variants/d/full/composites/standing-d-full-face-09.png,554ab53ac1d3c7ef7c66ed216e6bf48f759ffec076726a283d4b33868a159931,exported,passed,approved,accepted-by-issue-31
d/full/10,粉色裙装,full,10,268,606,79,76,assets/chihaya_character/chi_d.png,2c49d2c91c010074ba14f4be27eac40552c4fa23ba0974a2d866842fdc6fbb55,assets/chihaya_character/chi10d.png,d59c16da945f9c7867c7ad39bc656f4088c30fec79f843127c31279ef272e533,variants/d/full/layers/body.png,variants/d/full/layers/faces/face-10.png,variants/d/full/composites/standing-d-full-face-10.png,e12e04c3fc0044cc0538098d39d08c95903a67afbb1470f2fd97620c46fc1ae0,exported,passed,approved,accepted-by-issue-31
d/full/11,粉色裙装,full,11,268,606,79,76,assets/chihaya_character/chi_d.png,2c49d2c91c010074ba14f4be27eac40552c4fa23ba0974a2d866842fdc6fbb55,assets/chihaya_character/chi11d.png,7e04665e1ff1fb06332ca176e8f5f74cef02dc677f208b9bf1000f944729a31e,variants/d/full/layers/body.png,variants/d/full/layers/faces/face-11.png,variants/d/full/composites/standing-d-full-face-11.png,39d3684e01a5b9acccb83ddfdd64df4fea71951fdd49dc8cd8b24fb108e222eb,exported,passed,approved,accepted-by-issue-31
d/close/00,粉色裙装,close,00,454,670,120,149,ChihayaPet/Resources/CharacterSprites/assets/body-d-close.png,85e9c84b2a7cabfe3b9d6b67d3636410f22732fccd84bdb38fcb966d28456097,assets/chihaya_character/chi00d@.png,a8965703b1f6500e0c782246ba3b81ea6c4ad15cf090253c5b88cc46aed18010,variants/d/close/layers/body.png,variants/d/close/layers/faces/face-00.png,variants/d/close/composites/standing-d-close-face-00.png,7faeb2d9baecd12cadfeeb3d1b3d22cf3e0ca0ec94b7bc9c0b0343cf87b38472,exported,passed,approved,accepted-by-issue-31
d/close/01,粉色裙装,close,01,454,670,120,149,ChihayaPet/Resources/CharacterSprites/assets/body-d-close.png,85e9c84b2a7cabfe3b9d6b67d3636410f22732fccd84bdb38fcb966d28456097,assets/chihaya_character/chi01d@.png,f9646215b2efea772f0f78de3489616691437d9c7974647798bdabea2053a503,variants/d/close/layers/body.png,variants/d/close/layers/faces/face-01.png,variants/d/close/composites/standing-d-close-face-01.png,8c5315eb74801362d26724fe9186e724fd3f7e537bede7698aef8d50fb369e41,exported,passed,approved,accepted-by-issue-31
d/close/02,粉色裙装,close,02,454,670,120,149,ChihayaPet/Resources/CharacterSprites/assets/body-d-close.png,85e9c84b2a7cabfe3b9d6b67d3636410f22732fccd84bdb38fcb966d28456097,assets/chihaya_character/chi02d@.png,ae50777313dc64cbb4d37accd2935e5be99fad5c4ee2320456a425e5a92c7743,variants/d/close/layers/body.png,variants/d/close/layers/faces/face-02.png,variants/d/close/composites/standing-d-close-face-02.png,601fcc05df72b75c52cdacc36d38c68e6fb2c2b73ead1ffb77cf6d8b70f3b9bf,exported,passed,approved,accepted-by-issue-31
d/close/03,粉色裙装,close,03,454,670,120,149,ChihayaPet/Resources/CharacterSprites/assets/body-d-close.png,85e9c84b2a7cabfe3b9d6b67d3636410f22732fccd84bdb38fcb966d28456097,assets/chihaya_character/chi03d@.png,5408ab9874813ba188385b8b7b6843915fecde3864c4abac280f5f523b3927c2,variants/d/close/layers/body.png,variants/d/close/layers/faces/face-03.png,variants/d/close/composites/standing-d-close-face-03.png,fecaf0514d243f5012fcb3b8b897a207ef31c9b1b09c8f4b855cf3c9bb17de95,exported,passed,approved,accepted-by-issue-31
d/close/04,粉色裙装,close,04,454,670,120,149,ChihayaPet/Resources/CharacterSprites/assets/body-d-close.png,85e9c84b2a7cabfe3b9d6b67d3636410f22732fccd84bdb38fcb966d28456097,assets/chihaya_character/chi04d@.png,641a9bc72318dc3437967a420f75a9a28747383eda53b05f338c0dc098ae3101,variants/d/close/layers/body.png,variants/d/close/layers/faces/face-04.png,variants/d/close/composites/standing-d-close-face-04.png,73ec1331d096be8c208656b6257127cf1fca4d448a4ef7915681e2391712d262,exported,passed,approved,accepted-by-issue-31
d/close/05,粉色裙装,close,05,454,670,120,149,ChihayaPet/Resources/CharacterSprites/assets/body-d-close.png,85e9c84b2a7cabfe3b9d6b67d3636410f22732fccd84bdb38fcb966d28456097,assets/chihaya_character/chi05d@.png,ce9648985506a36af7de021b0d067dcf0727390cb215e7e9c3c514b48c26c9f1,variants/d/close/layers/body.png,variants/d/close/layers/faces/face-05.png,variants/d/close/composites/standing-d-close-face-05.png,2806244efdc166c1d9b8cf61dcbadb9464d3c0b1bdb043d60ee83c0f62d43727,exported,passed,approved,accepted-by-issue-31
d/close/06,粉色裙装,close,06,454,670,120,149,ChihayaPet/Resources/CharacterSprites/assets/body-d-close.png,85e9c84b2a7cabfe3b9d6b67d3636410f22732fccd84bdb38fcb966d28456097,assets/chihaya_character/chi06d@.png,7c4ddcfd072df261b25d7cda9545b6d944da0329702cc32d9054942a0dac677a,variants/d/close/layers/body.png,variants/d/close/layers/faces/face-06.png,variants/d/close/composites/standing-d-close-face-06.png,db689db57bf4472c8ccaa3b287970bf009ab9c458db1b266055b1a9bc0897fd5,exported,passed,approved,accepted-by-issue-31
d/close/07,粉色裙装,close,07,454,670,120,149,ChihayaPet/Resources/CharacterSprites/assets/body-d-close.png,85e9c84b2a7cabfe3b9d6b67d3636410f22732fccd84bdb38fcb966d28456097,assets/chihaya_character/chi07d@.png,e1b6e3fa6780b29a4c256816ab9aacd190ff8071c9c64f686711c196a2dfc887,variants/d/close/layers/body.png,variants/d/close/layers/faces/face-07.png,variants/d/close/composites/standing-d-close-face-07.png,1fe3a487783f6838f5e54f76d46a1f322d1bc8932be21e1e5aedd69989423e5b,exported,passed,approved,accepted-by-issue-31
d/close/08,粉色裙装,close,08,454,670,120,149,ChihayaPet/Resources/CharacterSprites/assets/body-d-close.png,85e9c84b2a7cabfe3b9d6b67d3636410f22732fccd84bdb38fcb966d28456097,assets/chihaya_character/chi08d@.png,b4644a77754375cefd4bab0b506e77edec5e0a1ff508ad6e436d9e7900eda465,variants/d/close/layers/body.png,variants/d/close/layers/faces/face-08.png,variants/d/close/composites/standing-d-close-face-08.png,427569368d68f563834435b00c48d385951014dd102a96a8f1fd129927b06a2b,exported,passed,approved,accepted-by-issue-31
d/close/09,粉色裙装,close,09,454,670,120,149,ChihayaPet/Resources/CharacterSprites/assets/body-d-close.png,85e9c84b2a7cabfe3b9d6b67d3636410f22732fccd84bdb38fcb966d28456097,assets/chihaya_character/chi09d@.png,be79fbebccfa83b9dc5b86571c4596c332e0e604ec59b8a2cc4b9c3ab345802b,variants/d/close/layers/body.png,variants/d/close/layers/faces/face-09.png,variants/d/close/composites/standing-d-close-face-09.png,fdf056941291dff590224164284fdf38be7d277ccf0fcf8ac3b98d91ad395ece,exported,passed,approved,accepted-by-issue-31
d/close/10,粉色裙装,close,10,454,670,120,149,ChihayaPet/Resources/CharacterSprites/assets/body-d-close.png,85e9c84b2a7cabfe3b9d6b67d3636410f22732fccd84bdb38fcb966d28456097,assets/chihaya_character/chi10d@.png,f897cdb69bb0ff8fa4dcf057e4130f0e618b1be34c4d7b11176d1fdccb3735a7,variants/d/close/layers/body.png,variants/d/close/layers/faces/face-10.png,variants/d/close/composites/standing-d-close-face-10.png,65202dd9800126fd390a4c1c9a179fe439e26a874db190c42ad23c012537ac1e,exported,passed,approved,accepted-by-issue-31
d/close/11,粉色裙装,close,11,454,670,120,149,ChihayaPet/Resources/CharacterSprites/assets/body-d-close.png,85e9c84b2a7cabfe3b9d6b67d3636410f22732fccd84bdb38fcb966d28456097,assets/chihaya_character/chi11d@.png,49fca7c44b3fd624bdee6b591049f713e3d9dfc84537c72d8cc2e5c75238c5ac,variants/d/close/layers/body.png,variants/d/close/layers/faces/face-11.png,variants/d/close/composites/standing-d-close-face-11.png,922761346deb30f1453de34691474b0a76b6d8741e7db135f0d7c6356c38fc0c,exported,passed,approved,accepted-by-issue-31
e/full/00,体操服,full,00,268,606,79,76,assets/chihaya_character/chi_e.png,920d5c553a955efc89468723eee240efb95b455f9920040dc238f6559e1ad58f,assets/chihaya_character/chi00e.png,f054ef4d02a6f46c31a3acbb33b55c9773c2396308b25548b2011d28195ee587,variants/e/full/layers/body.png,variants/e/full/layers/faces/face-00.png,variants/e/full/composites/standing-e-full-face-00.png,c6fcce791a1bc16d70ae48d9f9bf21c3275b7969c0e80ba7ee5e512d58085f83,exported,passed,approved,accepted-by-issue-31
e/full/01,体操服,full,01,268,606,79,76,assets/chihaya_character/chi_e.png,920d5c553a955efc89468723eee240efb95b455f9920040dc238f6559e1ad58f,assets/chihaya_character/chi01e.png,dce64592d461d203d571cecca5107d691bd16ac2aac86f332a5f99febece7312,variants/e/full/layers/body.png,variants/e/full/layers/faces/face-01.png,variants/e/full/composites/standing-e-full-face-01.png,a03783a288f1be1eaafffe53c7ab947edf10539c8d6ca83605c66bb0e51cd398,exported,passed,approved,accepted-by-issue-31
e/full/02,体操服,full,02,268,606,79,76,assets/chihaya_character/chi_e.png,920d5c553a955efc89468723eee240efb95b455f9920040dc238f6559e1ad58f,assets/chihaya_character/chi02e.png,d168dbadeabbc23a40a24f702153e7e23257490dd0c7f52c6b3df8e7aeeee694,variants/e/full/layers/body.png,variants/e/full/layers/faces/face-02.png,variants/e/full/composites/standing-e-full-face-02.png,eafc09857bf331c9428b46523868258659cd0341c4061601dd4734504fcb8c17,exported,passed,approved,accepted-by-issue-31
e/full/03,体操服,full,03,268,606,79,76,assets/chihaya_character/chi_e.png,920d5c553a955efc89468723eee240efb95b455f9920040dc238f6559e1ad58f,assets/chihaya_character/chi03e.png,6d87db19cf47a3a451f99424862f7220618e5157511bff5ec435d47b98fc85ff,variants/e/full/layers/body.png,variants/e/full/layers/faces/face-03.png,variants/e/full/composites/standing-e-full-face-03.png,57fc41de61cdec394774877a24b49d5fae4a0df439dc2b1bc50287b3f6ad6837,exported,passed,approved,accepted-by-issue-31
e/full/04,体操服,full,04,268,606,79,76,assets/chihaya_character/chi_e.png,920d5c553a955efc89468723eee240efb95b455f9920040dc238f6559e1ad58f,assets/chihaya_character/chi04e.png,cb3588e272678f9e3ab1083fea802ff4599d3562743739c91e6c270742ecc110,variants/e/full/layers/body.png,variants/e/full/layers/faces/face-04.png,variants/e/full/composites/standing-e-full-face-04.png,6e318dfc1dcff1dc65b8b093f5a5fda9533c550bd0202dfdc6cc1e02759c8e15,exported,passed,approved,accepted-by-issue-31
e/full/05,体操服,full,05,268,606,79,76,assets/chihaya_character/chi_e.png,920d5c553a955efc89468723eee240efb95b455f9920040dc238f6559e1ad58f,assets/chihaya_character/chi05e.png,23b2cc50552d632a4055fe1a857aff57e0ed93eba99cf9667e6b288cfb4a0be2,variants/e/full/layers/body.png,variants/e/full/layers/faces/face-05.png,variants/e/full/composites/standing-e-full-face-05.png,62e2aeecee6d165b4d1fcd66ea79b802cddcec0c3813dc1cfeb52ba68bde8a98,exported,passed,approved,accepted-by-issue-31
e/full/06,体操服,full,06,268,606,79,76,assets/chihaya_character/chi_e.png,920d5c553a955efc89468723eee240efb95b455f9920040dc238f6559e1ad58f,assets/chihaya_character/chi06e.png,3dc6c513be284c887f777d2ac6e303a9c0af7f7f26fb0696d17bd9d18cce0e2c,variants/e/full/layers/body.png,variants/e/full/layers/faces/face-06.png,variants/e/full/composites/standing-e-full-face-06.png,2767d98f059c92e7e779f2712b888a7b31cc36322c9f58bdc79329196415c0e1,exported,passed,approved,accepted-by-issue-31
e/full/07,体操服,full,07,268,606,79,76,assets/chihaya_character/chi_e.png,920d5c553a955efc89468723eee240efb95b455f9920040dc238f6559e1ad58f,assets/chihaya_character/chi07e.png,fcfce1863ad8ab2701ee24cfebecae6a173065d9af0f6418aed4b6bfd26a9ad4,variants/e/full/layers/body.png,variants/e/full/layers/faces/face-07.png,variants/e/full/composites/standing-e-full-face-07.png,a97486f780c8b997c7571b84fe33aa0ae2c087d372eeef1abc7e5da414b64a6d,exported,passed,approved,accepted-by-issue-31
e/full/08,体操服,full,08,268,606,79,76,assets/chihaya_character/chi_e.png,920d5c553a955efc89468723eee240efb95b455f9920040dc238f6559e1ad58f,assets/chihaya_character/chi08e.png,b49f907884d3302ceb23fe27f3dcecefd76594344efe21db7964217c5365900c,variants/e/full/layers/body.png,variants/e/full/layers/faces/face-08.png,variants/e/full/composites/standing-e-full-face-08.png,0d90095a5ce58dad3f03c3a8305548fdc8ed4323707b931672c4e830965b8ee0,exported,passed,approved,accepted-by-issue-31
e/full/09,体操服,full,09,268,606,79,76,assets/chihaya_character/chi_e.png,920d5c553a955efc89468723eee240efb95b455f9920040dc238f6559e1ad58f,assets/chihaya_character/chi09e.png,d1862b5ec824add92db92dd728286c6a23fc01733145940ba82e655468bf8c9f,variants/e/full/layers/body.png,variants/e/full/layers/faces/face-09.png,variants/e/full/composites/standing-e-full-face-09.png,413c13ff2ba419f0e3494de288da871751780783741255d108342556fb658c34,exported,passed,approved,accepted-by-issue-31
e/full/10,体操服,full,10,268,606,79,76,assets/chihaya_character/chi_e.png,920d5c553a955efc89468723eee240efb95b455f9920040dc238f6559e1ad58f,assets/chihaya_character/chi10e.png,612e4513c642fd92369db4665171c9bc5310d8f8bbe568c64e3581db5d1cb556,variants/e/full/layers/body.png,variants/e/full/layers/faces/face-10.png,variants/e/full/composites/standing-e-full-face-10.png,fa70ecce86344fb973f0d137b0439dfed06c05324d180ce0c50d3189b6b39652,exported,passed,approved,accepted-by-issue-31
e/full/11,体操服,full,11,268,606,79,76,assets/chihaya_character/chi_e.png,920d5c553a955efc89468723eee240efb95b455f9920040dc238f6559e1ad58f,assets/chihaya_character/chi11e.png,6258a32a5552812c80eb3bf6513d34c12d00faafa4c9c9d65198b4cff0e2da2c,variants/e/full/layers/body.png,variants/e/full/layers/faces/face-11.png,variants/e/full/composites/standing-e-full-face-11.png,c2e76a292fb1e00470fa7bdbc661e91c0584bc2f108c975b08248831be9f8d74,exported,passed,approved,accepted-by-issue-31
e/close/00,体操服,close,00,454,670,120,149,ChihayaPet/Resources/CharacterSprites/assets/body-e-close.png,e463d4ee9e659664855b854608ff0ae631998d267b786146c779c0da8b957f2e,assets/chihaya_character/chi00e@.png,c06486e43861cdb3a6677a263d1fa3f7934ad3a49002164dd5ff6342da424bd7,variants/e/close/layers/body.png,variants/e/close/layers/faces/face-00.png,variants/e/close/composites/standing-e-close-face-00.png,c6819c3f0d9860ed7647c1dc74cbe933ef458598934b699d3c4cd6efee696b0a,exported,passed,approved,accepted-by-issue-31
e/close/01,体操服,close,01,454,670,120,149,ChihayaPet/Resources/CharacterSprites/assets/body-e-close.png,e463d4ee9e659664855b854608ff0ae631998d267b786146c779c0da8b957f2e,assets/chihaya_character/chi01e@.png,94c685e63bde725313b92b556698b4fb7a8cbc45537f390321dfa8dc0add985d,variants/e/close/layers/body.png,variants/e/close/layers/faces/face-01.png,variants/e/close/composites/standing-e-close-face-01.png,ec84eb0d2ed4cfe8f546dd35c4fccfedea2d0cde452d81e1510be795b89b66f8,exported,passed,approved,accepted-by-issue-31
e/close/02,体操服,close,02,454,670,120,149,ChihayaPet/Resources/CharacterSprites/assets/body-e-close.png,e463d4ee9e659664855b854608ff0ae631998d267b786146c779c0da8b957f2e,assets/chihaya_character/chi02e@.png,1aead53512640077d6b0e649437d3d4963a74a233ec8b7e9b2c467abb0bd9274,variants/e/close/layers/body.png,variants/e/close/layers/faces/face-02.png,variants/e/close/composites/standing-e-close-face-02.png,a56ccbd1266990934da14f7060b262f46a659227c02813dd00212736376710ed,exported,passed,approved,accepted-by-issue-31
e/close/03,体操服,close,03,454,670,120,149,ChihayaPet/Resources/CharacterSprites/assets/body-e-close.png,e463d4ee9e659664855b854608ff0ae631998d267b786146c779c0da8b957f2e,assets/chihaya_character/chi03e@.png,9fdc1af5f735a98b19262cb0accdf6f8056d2cea643e044101eee401cfad9487,variants/e/close/layers/body.png,variants/e/close/layers/faces/face-03.png,variants/e/close/composites/standing-e-close-face-03.png,4c59c212907e7e5415d369ff3d87c042a844eca24a6215e5cc61e85d2ed9e7fc,exported,passed,approved,accepted-by-issue-31
e/close/04,体操服,close,04,454,670,120,149,ChihayaPet/Resources/CharacterSprites/assets/body-e-close.png,e463d4ee9e659664855b854608ff0ae631998d267b786146c779c0da8b957f2e,assets/chihaya_character/chi04e@.png,afa4c91b79ca9071a2cf5a3910cfec81f6dd67cea61c27864834971e3dfd7cc4,variants/e/close/layers/body.png,variants/e/close/layers/faces/face-04.png,variants/e/close/composites/standing-e-close-face-04.png,8d961b7c496d67353430a22c6e833d5c346e03670d7477f88e173b6f5eadfe2d,exported,passed,approved,accepted-by-issue-31
e/close/05,体操服,close,05,454,670,120,149,ChihayaPet/Resources/CharacterSprites/assets/body-e-close.png,e463d4ee9e659664855b854608ff0ae631998d267b786146c779c0da8b957f2e,assets/chihaya_character/chi05e@.png,a84bcd92d9accfc056d20e0892720411bc17b04cc7b784c0522ef6d83cc80ca3,variants/e/close/layers/body.png,variants/e/close/layers/faces/face-05.png,variants/e/close/composites/standing-e-close-face-05.png,ad900c5daab20abb705f53ad404b805ee626175a3c069a22305f4154edfa1e25,exported,passed,approved,accepted-by-issue-31
e/close/06,体操服,close,06,454,670,120,149,ChihayaPet/Resources/CharacterSprites/assets/body-e-close.png,e463d4ee9e659664855b854608ff0ae631998d267b786146c779c0da8b957f2e,assets/chihaya_character/chi06e@.png,354d92f617ffd64d7c34f698f4ff2395ba9ec1293a543603fdcba25cb55583e1,variants/e/close/layers/body.png,variants/e/close/layers/faces/face-06.png,variants/e/close/composites/standing-e-close-face-06.png,66a2982d348542471b47b19450357063576814c5665178a969cde122e6ad03bb,exported,passed,approved,accepted-by-issue-31
e/close/07,体操服,close,07,454,670,120,149,ChihayaPet/Resources/CharacterSprites/assets/body-e-close.png,e463d4ee9e659664855b854608ff0ae631998d267b786146c779c0da8b957f2e,assets/chihaya_character/chi07e@.png,4ea0f728146ecfc31e7b69dc41bbaf68e1755e1ab0abf2e98a5d92d487f1e2cf,variants/e/close/layers/body.png,variants/e/close/layers/faces/face-07.png,variants/e/close/composites/standing-e-close-face-07.png,bb72b561fd63aa0411fc860d282cb7600f7050629958f40304a5d9f954db2f8d,exported,passed,approved,accepted-by-issue-31
e/close/08,体操服,close,08,454,670,120,149,ChihayaPet/Resources/CharacterSprites/assets/body-e-close.png,e463d4ee9e659664855b854608ff0ae631998d267b786146c779c0da8b957f2e,assets/chihaya_character/chi08e@.png,36316bb0da48d8748b62d095c6b0163432216d60f6c3fe322eeb760bd7159209,variants/e/close/layers/body.png,variants/e/close/layers/faces/face-08.png,variants/e/close/composites/standing-e-close-face-08.png,7e5aa842f15e0abaf252ecd58836a2700a61e4fab8804f2185d55e5108740da5,exported,passed,approved,accepted-by-issue-31
e/close/09,体操服,close,09,454,670,120,149,ChihayaPet/Resources/CharacterSprites/assets/body-e-close.png,e463d4ee9e659664855b854608ff0ae631998d267b786146c779c0da8b957f2e,assets/chihaya_character/chi09e@.png,4214f7ce4cb0463456afc6bdc66744db950629138664f4a84d87989274e603e1,variants/e/close/layers/body.png,variants/e/close/layers/faces/face-09.png,variants/e/close/composites/standing-e-close-face-09.png,0ab016bd2724a129e4ff452a484b8e75bff52cd2296b359cef40518077d83eb3,exported,passed,approved,accepted-by-issue-31
e/close/10,体操服,close,10,454,670,120,149,ChihayaPet/Resources/CharacterSprites/assets/body-e-close.png,e463d4ee9e659664855b854608ff0ae631998d267b786146c779c0da8b957f2e,assets/chihaya_character/chi10e@.png,efc303585bbc2693880c0ccb4e0ca9bbe66d6ff07a344e4168878fbe0fd8fe93,variants/e/close/layers/body.png,variants/e/close/layers/faces/face-10.png,variants/e/close/composites/standing-e-close-face-10.png,04d1a9f728c409fe3124c28615aa4306912bbc109fde68c0f30494095ea74454,exported,passed,approved,accepted-by-issue-31
e/close/11,体操服,close,11,454,670,120,149,ChihayaPet/Resources/CharacterSprites/assets/body-e-close.png,e463d4ee9e659664855b854608ff0ae631998d267b786146c779c0da8b957f2e,assets/chihaya_character/chi11e@.png,49fca7c44b3fd624bdee6b591049f713e3d9dfc84537c72d8cc2e5c75238c5ac,variants/e/close/layers/body.png,variants/e/close/layers/faces/face-11.png,variants/e/close/composites/standing-e-close-face-11.png,8b28366794f6befa2c1643f059fd4e32fcf28338d467059fcdacf33cc85890bd,exported,passed,approved,accepted-by-issue-31
